2025-11-03_19-18-50,None,draft.py:2025-11-03_19-18-50
2025-11-03_19-18-56,None,draft.py:2025-11-03_19-18-56
2025-11-03_19-19-04,None,draft.py:2025-11-03_19-19-04
2025-11-03_19-22-55,None,draft.py:2025-11-03_19-22-55
2025-11-08_00-03-23,None,draft.py:2025-11-08_00-03-23
2025-11-08_00-04-20,None,draft.py:2025-11-08_00-04-20
2025-11-08_00-06-32,None,draft.py:2025-11-08_00-06-32
2025-11-08_00-07-11,None,draft.py:2025-11-08_00-07-11
2025-11-08_00-07-46,None,draft.py:2025-11-08_00-07-46
2025-11-08_00-08-10,None,draft.py:2025-11-08_00-08-10
2025-11-08_00-08-32,None,draft.py:2025-11-08_00-08-32
2025-11-08_00-09-42,None,draft.py:2025-11-08_00-09-42
2025-11-08_00-11-06,None,draft.py:2025-11-08_00-11-06
2025-11-08_00-11-20,None,draft.py:2025-11-08_00-11-20
2025-11-08_00-11-28,None,draft.py:2025-11-08_00-11-28
2025-11-08_00-11-49,None,draft.py:2025-11-08_00-11-49
2025-11-08_00-13-40,None,draft.py:2025-11-08_00-13-40
2025-11-08_00-13-47,None,draft.py:2025-11-08_00-13-47
2025-11-08_00-16-29,None,draft.py:2025-11-08_00-16-29
2025-11-08_00-18-55,None,draft.py:2025-11-08_00-18-55
2025-11-08_00-20-05,None,draft.py:2025-11-08_00-20-05
2025-11-08_00-20-54,None,draft.py:2025-11-08_00-20-54
2025-11-08_00-21-07,None,draft.py:2025-11-08_00-21-07
2025-11-08_00-23-09,None,draft.py:2025-11-08_00-23-09
2025-11-08_00-24-24,None,draft.py:2025-11-08_00-24-24
2025-11-08_00-26-01,None,draft.py:2025-11-08_00-26-01
2025-11-08_00-26-20,None,draft.py:2025-11-08_00-26-20
2025-11-08_00-26-30,None,draft.py:2025-11-08_00-26-30
2025-11-08_00-27-42,None,draft.py:2025-11-08_00-27-42
2025-11-08_00-32-02,None,draft.py:2025-11-08_00-32-02
2025-11-08_00-32-25,None,draft.py:2025-11-08_00-32-25
2025-11-08_00-32-43,None,draft.py:2025-11-08_00-32-43
2025-11-08_00-35-40,None,draft.py:2025-11-08_00-35-40
2025-11-08_00-36-51,None,draft.py:2025-11-08_00-36-51
2025-11-10_19-15-21,None,draft.py:2025-11-10_19-15-21
2025-11-10_19-15-35,None,draft.py:2025-11-10_19-15-21
